<krpano version="1.19" title="krpano100全景" debugmode="false">
 
<include url="%SWFPATH%/skin/vtourskin.xml" />
<include url="%SWFPATH%/autorotate.xml" />
<include url="%SWFPATH%/object.xml" />
<contextmenu fullscreen="false" versioninfo="false">
        <item name="logo" caption="krpano100全景" separator="true" onclick="openurl('http://vr.1021.com:81/')" devices="flash|webgl"/>
        </contextmenu>
<events name="musicevents"
    onnewpano="indexoftxt(result, get(scene[get(xml.scene)].bgmusic),sound); if(result GE 0,tween(sound[bgsnd].volume, 0.5)); set(music_bgmusic,get(scene[get(xml.scene)].bgmusic)); if(music_bgmusic,js(openMusicVoiceBtn());playsound(bgm,get(scene[get(xml.scene)].bgmusic),1,tween(sound[bgsnd].volume, 1)););"
    keep="true"/>
 <layer name="open_alert" url="" keep="true" align="center" edge="center" x="0" y="0" maxwidth="160" maxheight="160"
           enabled="false" visible="false"/>
<action name="show_open_alert">set(layer[open_alert].url,%1); set(layer[open_alert].visible,true); delayedcall(5,
    tween(layer[open_alert].alpha,0,1));
</action>
	 <hotspot name="shadelogo" url="" ath="0" atv="90" distorted="true" scale="1.0" rotate="0.0" rotatewithview="true"
         visible="false" keep="true" onloaded="set(hotspot[shadelogo].rotate,get(view.hlookat));"/>
<events name="shadelogorotation" keep="true"
        onviewchange="if(hotspot[shadelogo].rotatewithview, set(hotspot[shadelogo].rotate,get(view.hlookat)) );"/>
<action name="show_shade">
    set(hotspot[shadelogo].url,%1);
    set(hotspot[shadelogo].atv,%2);
    set(hotspot[shadelogo].visible,true);
    set(hotspot[shadelogo].depth,2000);
</action>
<action name="addShade">
    txtadd(shade_name, 'shade_',%1); 
    addhotspot(get(shade_name));
    set(hotspot[get(shade_name)].url,%2); 
    <!-- set(hotspot[get(shade_name)].ath,0);  -->
    set(hotspot[get(shade_name)].atv,%3);
    set(hotspot[get(shade_name)].distorted,true); 
    set(hotspot[get(shade_name)].scale,"1.0");
    set(hotspot[get(shade_name)].rotate,"0.0");
     set(hotspot[get(shade_name)].rotatewithview,"true");
    set(hotspot[get(shade_name)].visible,"true"); 
    set(hotspot[get(shade_name)].keep,"false");
    set(hotspot[get(shade_name)].onloaded,"set(hotspot[get(shade_name)].rotate,get(view.hlookat));");
</action>  
 <action name="startup" autorun="onstart">
 	copy(startscene,scene[0].name); 
    if(device.fullscreensupport == true,js(showFullscreenBtn()););
    if(device.mobile OR device.tablet,js(hideShareAndFootmarkBtn()););
    loadscene(get(startscene), null, MERGE);
    if(startactions !== null, startactions());
 </action>
	   	 <scene name="scene_a4883fe141ec34f6" title="餐厅" album="1层"   onstart="activatespot(90)" thumburl="resource/pano/a4883fe141ec34f6/thumb.jpg?1628079522" lat="" lng="" heading="">
   
		 <view hlookat="0" vlookat="0" fovtype="MFOV" fov="90" fovmin="5" fovmax="120" vlookatmin="-90" vlookatmax="90" limitview="lookat"/>
		<preview url="resource/pano/a4883fe141ec34f6/preview.jpg" />
		<image>
			<cube url="resource/pano/a4883fe141ec34f6/pano_%s.jpg" />
			<!-- <cube url="resource/pano/a4883fe141ec34f6/mobile/pano_%s.jpg" devices="mobile" /> -->
		</image>	
		
	</scene>   
	  	 <scene name="scene_b205a0fecd137e73" title="阳台"    onstart="activatespot(90)" thumburl="resource/pano/b205a0fecd137e73/thumb.jpg?1628079522" lat="" lng="" heading="">
   
		 <view hlookat="0" vlookat="0" fovtype="MFOV" fov="90" fovmin="5" fovmax="120" vlookatmin="-90" vlookatmax="90" limitview="lookat"/>
		<preview url="resource/pano/b205a0fecd137e73/preview.jpg" />
		<image>
			<cube url="resource/pano/b205a0fecd137e73/pano_%s.jpg" />
			<!-- <cube url="resource/pano/b205a0fecd137e73/mobile/pano_%s.jpg" devices="mobile" /> -->
		</image>	
		
	</scene>   
	  	 <scene name="scene_684a3b32d5e56def" title="卧室2"    onstart="activatespot(90)" thumburl="resource/pano/684a3b32d5e56def/thumb.jpg?1628079522" lat="" lng="" heading="">
   
		 <view hlookat="0" vlookat="0" fovtype="MFOV" fov="90" fovmin="5" fovmax="120" vlookatmin="-90" vlookatmax="90" limitview="lookat"/>
		<preview url="resource/pano/684a3b32d5e56def/preview.jpg" />
		<image>
			<cube url="resource/pano/684a3b32d5e56def/pano_%s.jpg" />
			<!-- <cube url="resource/pano/684a3b32d5e56def/mobile/pano_%s.jpg" devices="mobile" /> -->
		</image>	
		
	</scene>   
	  	 <scene name="scene_a8585a2344a153ba" title="客厅" album="2层"   onstart="activatespot(90)" thumburl="resource/pano/a8585a2344a153ba/thumb.jpg?1628079522" lat="" lng="" heading="">
   
		 <view hlookat="0" vlookat="0" fovtype="MFOV" fov="90" fovmin="5" fovmax="120" vlookatmin="-90" vlookatmax="90" limitview="lookat"/>
		<preview url="resource/pano/a8585a2344a153ba/preview.jpg" />
		<image>
			<cube url="resource/pano/a8585a2344a153ba/pano_%s.jpg" />
			<!-- <cube url="resource/pano/a8585a2344a153ba/mobile/pano_%s.jpg" devices="mobile" /> -->
		</image>	
		
	</scene>   
	  	 <scene name="scene_064bf7fa519c03e1" title="饭厅"    onstart="activatespot(90)" thumburl="resource/pano/064bf7fa519c03e1/thumb.jpg?1628079522" lat="" lng="" heading="">
   
		 <view hlookat="0" vlookat="0" fovtype="MFOV" fov="90" fovmin="5" fovmax="120" vlookatmin="-90" vlookatmax="90" limitview="lookat"/>
		<preview url="resource/pano/064bf7fa519c03e1/preview.jpg" />
		<image>
			<cube url="resource/pano/064bf7fa519c03e1/pano_%s.jpg" />
			<!-- <cube url="resource/pano/064bf7fa519c03e1/mobile/pano_%s.jpg" devices="mobile" /> -->
		</image>	
		
	</scene>   
	  	 <scene name="scene_13aedfbe603c1d03" title="次卧"    onstart="activatespot(90)" thumburl="resource/pano/13aedfbe603c1d03/thumb.jpg?1628079522" lat="" lng="" heading="">
   
		 <view hlookat="0" vlookat="0" fovtype="MFOV" fov="90" fovmin="5" fovmax="120" vlookatmin="-90" vlookatmax="90" limitview="lookat"/>
		<preview url="resource/pano/13aedfbe603c1d03/preview.jpg" />
		<image>
			<cube url="resource/pano/13aedfbe603c1d03/pano_%s.jpg" />
			<!-- <cube url="resource/pano/13aedfbe603c1d03/mobile/pano_%s.jpg" devices="mobile" /> -->
		</image>	
		
	</scene>   
	  	 <scene name="scene_942c1c61880612bb" title="厨房" album="3层"   onstart="activatespot(90)" thumburl="resource/pano/942c1c61880612bb/thumb.jpg?1628079522" lat="" lng="" heading="">
   
		 <view hlookat="0" vlookat="0" fovtype="MFOV" fov="90" fovmin="5" fovmax="120" vlookatmin="-90" vlookatmax="90" limitview="lookat"/>
		<preview url="resource/pano/942c1c61880612bb/preview.jpg" />
		<image>
			<cube url="resource/pano/942c1c61880612bb/pano_%s.jpg" />
			<!-- <cube url="resource/pano/942c1c61880612bb/mobile/pano_%s.jpg" devices="mobile" /> -->
		</image>	
		
	</scene>   
	  	 <scene name="scene_d2bc6ddb4e03f8ae" title="老人房"    onstart="activatespot(90)" thumburl="resource/pano/d2bc6ddb4e03f8ae/thumb.jpg?1628079522" lat="" lng="" heading="">
   
		 <view hlookat="0" vlookat="0" fovtype="MFOV" fov="90" fovmin="5" fovmax="120" vlookatmin="-90" vlookatmax="90" limitview="lookat"/>
		<preview url="resource/pano/d2bc6ddb4e03f8ae/preview.jpg" />
		<image>
			<cube url="resource/pano/d2bc6ddb4e03f8ae/pano_%s.jpg" />
			<!-- <cube url="resource/pano/d2bc6ddb4e03f8ae/mobile/pano_%s.jpg" devices="mobile" /> -->
		</image>	
		
	</scene>   
	  	 <scene name="scene_0e60820f308ce57d" title="客餐厅2"    onstart="activatespot(90)" thumburl="resource/pano/0e60820f308ce57d/thumb.jpg?1628079522" lat="" lng="" heading="">
   
		 <view hlookat="0" vlookat="0" fovtype="MFOV" fov="90" fovmin="5" fovmax="120" vlookatmin="-90" vlookatmax="90" limitview="lookat"/>
		<preview url="resource/pano/0e60820f308ce57d/preview.jpg" />
		<image>
			<cube url="resource/pano/0e60820f308ce57d/pano_%s.jpg" />
			<!-- <cube url="resource/pano/0e60820f308ce57d/mobile/pano_%s.jpg" devices="mobile" /> -->
		</image>	
		
	</scene>   
	  	 <scene name="scene_f5935df226a016e3" title="客餐厅"    onstart="activatespot(90)" thumburl="resource/pano/f5935df226a016e3/thumb.jpg?1628079522" lat="" lng="" heading="">
   
		 <view hlookat="0" vlookat="0" fovtype="MFOV" fov="90" fovmin="5" fovmax="120" vlookatmin="-90" vlookatmax="90" limitview="lookat"/>
		<preview url="resource/pano/f5935df226a016e3/preview.jpg" />
		<image>
			<cube url="resource/pano/f5935df226a016e3/pano_%s.jpg" />
			<!-- <cube url="resource/pano/f5935df226a016e3/mobile/pano_%s.jpg" devices="mobile" /> -->
		</image>	
		
	</scene>   
	
		 
		 
					 			   
	
	
	
</krpano>